move_order,gamma,width,height,goal_rows,rel_tol,states,pure_states,degenerate_states,mixed_states,mixed_fraction,iterations,lp_calls,runtime_s,kickoff_value,max_value_bracket_gap,duality_gap
random,0.9,3,3,1,1e-06,144,24,120,0,0.0,7,0,0.017,0.0,0.0,nan
random,0.9,3,4,1|2,1e-06,264,84,148,32,0.12121212121212122,44,1284,1.52,0.190575,5.551115123125783e-17,nan
random,0.9,3,5,1|2|3,1e-06,420,100,282,38,0.09047619047619047,58,2040,2.477,0.233529,1.1102230246251565e-16,nan
random,0.9,3,6,1|2|3|4,1e-06,612,116,452,44,0.0718954248366013,56,2320,3.143,0.24207,1.942890293094024e-16,nan
random,0.9,3,7,1|2|3|4|5,1e-06,840,132,658,50,0.05952380952380952,68,3206,4.283,0.238913,1.6653345369377348e-16,nan
random,0.9,3,8,1|2|3|4|5|6,1e-06,1104,148,900,56,0.050724637681159424,68,3616,4.904,0.240097,2.220446049250313e-16,nan
random,0.9,3,9,1|2|3|4|5|6|7,1e-06,1404,164,1178,62,0.04415954415954416,68,3974,5.485,0.240899,1.6653345369377348e-16,nan
random,0.9,4,3,1,1e-06,264,32,232,0,0.0,9,0,0.038,0.0,0.0,nan
random,0.9,4,4,1|2,1e-06,480,164,276,40,0.08333333333333333,62,2352,2.959,0.153107,9.71445146547012e-17,nan
random,0.9,4,5,1|2|3,1e-06,760,206,508,46,0.060526315789473685,74,3234,4.221,0.21943,8.326672684688674e-17,nan
random,0.9,4,6,1|2|3|4,1e-06,1104,248,800,56,0.050724637681159424,74,3992,5.308,0.229642,2.498001805406602e-16,nan
random,0.9,4,7,1|2|3|4|5,1e-06,1512,290,1156,66,0.04365079365079365,80,5074,6.955,0.232437,2.220446049250313e-16,nan
random,0.9,4,8,1|2|3|4|5|6,1e-06,1984,332,1576,76,0.038306451612903226,80,5852,8.804,0.233098,1.3877787807814457e-16,nan
random,0.9,4,9,1|2|3|4|5|6|7,1e-06,2520,374,2060,86,0.034126984126984124,80,6594,11.106,0.232198,1.6653345369377348e-16,nan
random,0.9,5,3,1,1e-06,420,40,380,0,0.0,11,0,0.074,0.0,0.0,nan
random,0.9,5,4,1|2,1e-06,760,256,448,56,0.07368421052631578,72,3820,5.484,0.146852,1.942890293094024e-16,nan
random,0.9,5,5,1|2|3,1e-06,1200,326,820,54,0.045,81,4284,8.827,0.186572,1.6653345369377348e-16,nan
random,0.9,5,6,1|2|3|4,1e-06,1740,408,1264,68,0.03908045977011494,87,5852,8.282,0.191873,1.6653345369377348e-16,nan
random,0.9,5,7,1|2|3|4|5,1e-06,2380,492,1808,80,0.03361344537815126,97,7680,12.782,0.194372,2.220446049250313e-16,nan
random,0.9,5,8,1|2|3|4|5|6,1e-06,3120,576,2452,92,0.029487179487179487,89,8112,12.508,0.196164,1.6653345369377348e-16,nan
random,0.9,5,9,1|2|3|4|5|6|7,1e-06,3960,658,3196,106,0.026767676767676767,100,10460,16.301,0.19554,1.3877787807814457e-16,nan
random,0.9,6,3,1,1e-06,612,48,564,0,0.0,13,0,0.12,0.0,0.0,nan
random,0.9,6,4,1|2,1e-06,1104,352,664,88,0.07971014492753623,74,5984,7.334,0.119897,5.551115123125783e-17,nan
random,0.9,6,5,1|2|3,1e-06,1740,452,1218,70,0.040229885057471264,77,5210,7.466,0.165026,1.1102230246251565e-16,nan
random,0.9,6,6,1|2|3|4,1e-06,2520,572,1860,88,0.03492063492063492,96,8224,12.866,0.180976,1.6653345369377348e-16,nan
random,0.9,6,7,1|2|3|4|5,1e-06,3444,710,2630,104,0.030197444831591175,101,10252,15.601,0.182455,1.6653345369377348e-16,nan
random,0.9,6,8,1|2|3|4|5|6,1e-06,4512,848,3544,120,0.026595744680851064,99,11592,20.445,0.184402,1.6653345369377348e-16,nan
random,0.9,6,9,1|2|3|4|5|6|7,1e-06,5724,986,4602,136,0.023759608665269043,101,13406,22.124,0.1856,3.885780586188048e-16,nan
random,0.9,7,3,1,1e-06,840,56,784,0,0.0,15,0,0.195,0.0,0.0,nan
random,0.9,7,4,1|2,1e-06,1512,472,940,100,0.06613756613756613,70,6452,8.63,0.10669,5.551115123125783e-17,nan
random,0.9,7,5,1|2|3,1e-06,2380,604,1682,94,0.03949579831932773,108,9672,16.738,0.150132,2.220446049250313e-16,nan
random,0.9,7,6,1|2|3|4,1e-06,3444,764,2576,104,0.030197444831591175,113,11464,17.27,0.152233,2.220446049250313e-16,nan
random,0.9,7,7,1|2|3|4|5,1e-06,4704,994,3578,132,0.02806122448979592,115,14510,22.348,0.154569,2.220446049250313e-16,nan
random,0.9,7,8,1|2|3|4|5|6,1e-06,6160,1200,4812,148,0.024025974025974027,119,17084,28.036,0.155196,1.6653345369377348e-16,nan
random,0.9,8,3,1,1e-06,1104,64,1040,0,0.0,17,0,0.284,0.0,0.0,nan
random,0.9,8,4,1|2,1e-06,1984,576,1292,116,0.05846774193548387,73,7764,10.088,0.087734,1.6653345369377348e-16,nan
random,0.9,8,5,1|2|3,1e-06,3120,758,2252,110,0.035256410256410256,114,12112,17.435,0.120951,1.1102230246251565e-16,nan
random,0.9,8,6,1|2|3|4,1e-06,4512,1008,3368,136,0.030141843971631204,121,15904,23.882,0.140077,1.249000902703301e-16,nan
random,0.9,8,7,1|2|3|4|5,1e-06,6160,1276,4724,160,0.025974025974025976,121,18676,29.574,0.141154,1.1102230246251565e-16,nan
random,0.9,9,3,1,1e-06,1404,72,1332,0,0.0,19,0,0.4,0.0,0.0,nan
random,0.9,9,4,1|2,1e-06,2520,696,1700,124,0.049206349206349205,74,8252,11.278,0.078364,1.3877787807814457e-16,nan
random,0.9,9,5,1|2|3,1e-06,3960,924,2904,132,0.03333333333333333,119,15062,21.875,0.111475,6.938893903907228e-17,nan
random,0.9,9,6,1|2|3|4,1e-06,5724,1224,4344,156,0.027253668763102725,124,18836,29.271,0.120462,1.1102230246251565e-16,nan
random,0.9,10,3,1,1e-06,1740,80,1660,0,0.0,21,0,0.54,0.0,0.0,nan
random,0.9,10,4,1|2,1e-06,3120,792,2196,132,0.04230769230769231,111,13988,19.374,0.065446,7.632783294297951e-17,nan
random,0.9,10,5,1|2|3,1e-06,4900,1100,3650,150,0.030612244897959183,124,17940,26.951,0.090267,9.71445146547012e-17,nan
random,0.9,10,6,1|2|3|4,1e-06,7080,1448,5452,180,0.025423728813559324,130,22692,43.963,0.10514,2.220446049250313e-16,nan
random,0.9,11,3,1,1e-06,2112,88,2024,0,0.0,23,0,0.722,0.0,0.0,nan
random,0.9,11,4,1|2,1e-06,3784,900,2744,140,0.03699788583509514,118,15864,22.74,0.059208,1.1102230246251565e-16,nan
random,0.9,11,5,1|2|3,1e-06,5940,1300,4474,166,0.027946127946127945,128,20386,31.417,0.081205,8.326672684688674e-17,nan
