variant,sweep,max_value_err,mean_bracket
restart-200,10,0.17549230667704183,0.0013363986572437528
restart-200,50,0.012422530234824924,0.0011769573323343234
restart-200,100,0.012293250552110113,0.001174084699695106
restart-200,150,0.012280169189595846,0.0011719109749443377
persistent,10,0.49899094863401355,0.07584153134496127
persistent,50,0.12530763081599677,0.015767476528113878
persistent,100,0.08255046637891969,0.008482381137826012
persistent,200,0.04243107345018668,0.004838309802793506
persistent,500,0.016498302888566296,0.0022144917510621615
persistent,1000,0.009820005312099866,0.0011927068085456915
persistent,2000,0.005140311247920887,0.0006286276690050965
