x0,y0,x1,y1,b,occupancy,mixed
0,2,6,2,0,0.127323,0
1,2,5,2,0,0.114591,0
2,2,4,2,0,0.103270,1
2,3,5,2,0,0.062718,0
3,3,5,3,0,0.056447,1
3,2,5,2,0,0.043201,1
3,1,6,2,0,0.025737,0
4,1,6,1,0,0.023163,1
4,2,6,2,0,0.018180,1
3,2,4,2,1,0.015145,1
3,2,4,3,0,0.014460,0
2,2,4,1,1,0.012882,0
2,1,3,1,1,0.012176,1
5,2,6,2,0,0.012104,1
5,1,6,2,0,0.012046,0
2,2,3,2,1,0.011497,1
4,1,6,2,0,0.010394,0
5,1,6,1,0,0.010107,1
1,1,2,1,1,0.010035,1
2,1,5,2,0,0.009771,0
1,2,3,1,1,0.009652,0
1,2,2,2,1,0.009379,1
3,1,5,1,0,0.008794,1
0,2,1,2,1,0.008097,1
3,1,4,1,1,0.007971,1
0,2,2,1,1,0.007809,0
0,1,1,1,1,0.007318,1
4,2,5,2,1,0.006803,1
2,3,3,2,0,0.006697,0
4,2,4,3,0,0.006574,0
4,3,5,2,0,0.006524,0
0,2,1,1,1,0.006354,0
5,2,5,3,0,0.006139,0
3,2,5,1,1,0.005881,0
4,2,5,1,0,0.005826,0
6,1,6,2,0,0.005692,0
6,2,6,3,0,0.005647,0
5,1,6,1,1,0.005509,1
4,1,5,1,1,0.004629,1
6,2,6,1,0,0.004005,0
5,2,5,1,0,0.003858,0
2,3,3,3,1,0.003721,1
3,1,4,2,0,0.003696,0
4,1,5,2,0,0.003303,0
4,3,5,3,1,0.003160,1
0,2,0,1,1,0.003055,0
5,3,5,2,0,0.003037,0
3,3,3,2,0,0.003016,0
0,1,1,1,0,0.002923,1
4,3,4,2,0,0.002860,0
1,1,3,2,1,0.002834,0
6,3,5,2,0,0.002578,0
3,2,4,1,0,0.002567,0
3,3,4,3,1,0.002436,1
4,2,5,2,0,0.002381,1
4,3,6,2,0,0.002320,0
5,3,6,3,0,0.002316,1
0,1,2,2,1,0.002221,0
3,3,6,2,0,0.002186,0
4,1,4,2,0,0.002171,0
4,1,4,0,1,0.002090,0
4,1,6,2,1,0.001999,0
4,3,6,3,0,0.001967,1
5,2,6,2,1,0.001959,1
6,3,5,3,0,0.001950,0
3,1,3,0,1,0.001881,0
2,1,2,0,1,0.001785,0
4,2,5,0,1,0.001727,0
4,2,6,1,1,0.001717,0
4,1,5,1,0,0.001670,1
4,3,5,3,0,0.001661,1
1,1,1,0,1,0.001649,1
5,3,6,2,0,0.001612,0
6,1,5,2,0,0.001602,0
5,1,5,2,0,0.001588,0
2,1,4,2,1,0.001520,0
1,2,2,2,0,0.001400,1
1,1,2,1,0,0.001382,1
4,2,4,1,0,0.001373,0
5,3,4,2,0,0.001345,0
3,2,4,2,0,0.001335,1
2,1,3,1,0,0.001323,1
1,3,2,3,1,0.001307,1
5,3,4,3,0,0.001294,0
1,1,3,2,0,0.001210,0
5,2,6,1,0,0.001183,0
4,2,5,4,1,0.001179,0
6,1,5,1,0,0.001165,0
4,1,6,0,1,0.001149,0
0,1,2,0,1,0.001135,0
4,3,4,4,1,0.001134,0
0,2,1,2,0,0.001126,1
3,1,5,2,0,0.001120,0
0,2,2,1,0,0.001061,0
2,1,3,2,0,0.001054,0
4,0,5,0,1,0.001034,0
3,3,3,4,1,0.001020,0
2,2,3,2,0,0.001011,1
0,1,2,2,0,0.000986,0
5,1,4,2,0,0.000985,0
5,1,4,1,0,0.000978,0
2,3,2,4,1,0.000969,0
3,1,5,0,1,0.000955,0
0,2,1,3,1,0.000934,0
1,3,1,4,1,0.000894,1
1,3,3,2,1,0.000866,0
3,0,4,0,1,0.000860,0
2,1,4,2,0,0.000860,0
0,1,1,2,1,0.000857,0
3,1,4,1,0,0.000796,1
2,2,2,1,1,0.000791,0
6,3,6,2,0,0.000788,0
0,3,1,3,1,0.000782,1
2,2,4,3,1,0.000749,0
2,0,2,1,0,0.000748,0
5,3,6,3,1,0.000746,1
1,2,3,3,1,0.000696,0
3,0,3,1,0,0.000673,0
5,2,6,0,1,0.000660,0
1,2,2,1,0,0.000660,0
3,3,5,4,1,0.000652,0
4,0,4,1,0,0.000639,0
6,3,4,3,0,0.000634,0
0,2,2,3,1,0.000633,0
0,3,2,4,1,0.000616,0
1,2,1,1,1,0.000611,0
0,0,2,1,0,0.000610,0
1,2,0,1,1,0.000607,0
5,1,5,0,1,0.000594,0
5,0,5,1,0,0.000590,1
3,4,4,4,1,0.000587,0
1,0,2,0,0,0.000549,0
2,2,3,1,0,0.000539,0
3,1,3,2,0,0.000529,0
3,1,5,2,1,0.000528,0
1,0,2,2,0,0.000516,0
4,2,5,3,0,0.000495,0
2,3,4,2,1,0.000464,0
1,1,0,1,1,0.000463,0
6,1,4,1,0,0.000456,0
0,2,0,3,1,0.000441,0
0,2,1,1,0,0.000438,0
0,3,1,3,0,0.000427,1
0,1,0,2,1,0.000418,0
4,0,6,1,0,0.000406,0
0,3,1,2,0,0.000394,0
4,2,6,1,0,0.000370,0
2,2,1,1,1,0.000369,0
4,2,6,3,0,0.000368,0
3,3,5,2,1,0.000361,0
2,1,1,1,1,0.000358,0
0,0,1,2,0,0.000350,0
3,2,3,1,1,0.000330,0
3,3,4,2,0,0.000318,0
1,0,1,1,0,0.000315,0
5,1,6,2,1,0.000311,0
2,2,2,1,0,0.000297,0
0,3,2,2,1,0.000289,0
1,0,3,1,0,0.000285,0
5,2,6,3,1,0.000280,0
5,2,6,3,0,0.000271,0
4,3,6,2,1,0.000271,0
0,1,2,1,0,0.000269,0
2,0,3,0,0,0.000257,0
2,2,4,1,0,0.000252,0
3,2,3,1,0,0.000243,0
2,2,2,3,1,0.000242,0
3,2,5,3,1,0.000241,0
1,1,3,1,0,0.000208,1
2,1,4,1,0,0.000186,1
3,2,5,1,0,0.000185,0
1,3,1,2,0,0.000177,0
2,1,0,1,1,0.000175,0
1,2,0,3,1,0.000171,0
2,2,3,3,0,0.000166,0
1,2,3,2,0,0.000160,1
1,2,3,1,0,0.000158,0
4,3,6,4,1,0.000156,0
0,2,2,3,0,0.000155,0
3,2,2,2,0,0.000153,0
2,2,1,3,1,0.000150,0
1,1,2,0,1,0.000143,1
4,4,5,4,1,0.000140,0
4,2,1,2,0,0.000137,0
3,2,2,1,0,0.000134,0
5,2,5,3,1,0.000126,0
1,0,2,0,1,0.000126,0
5,2,1,3,0,0.000124,0
4,2,3,1,0,0.000120,0
2,3,1,3,1,0.000114,0
6,2,1,4,0,0.000111,0
0,1,1,0,1,0.000111,1
5,2,4,1,0,0.000108,0
4,1,5,2,1,0.000105,0
5,3,6,2,1,0.000102,0
1,3,0,3,1,0.000102,0
4,3,5,2,1,0.000101,0
3,2,3,3,1,0.000101,0
6,2,5,1,0,0.000097,0
1,3,2,3,0,0.000097,1
1,2,2,3,0,0.000095,0
0,1,0,0,1,0.000094,0
5,2,6,1,1,0.000092,0
0,3,1,2,1,0.000092,0
1,1,4,2,0,0.000090,0
5,2,6,4,1,0.000089,0
0,4,2,3,0,0.000089,0
2,3,0,3,1,0.000084,0
3,3,5,2,0,0.000081,0
5,3,5,4,1,0.000080,0
1,4,2,4,0,0.000080,0
1,2,1,3,1,0.000080,0
2,3,1,2,0,0.000080,0
2,3,1,3,0,0.000080,0
1,3,2,4,1,0.000077,1
3,2,3,3,0,0.000075,0
2,4,2,3,0,0.000074,0
3,3,2,2,0,0.000072,0
1,4,2,4,1,0.000068,0
3,4,3,3,0,0.000067,0
4,3,3,2,0,0.000065,0
1,3,3,3,0,0.000063,1
4,4,4,3,0,0.000063,0
2,3,3,3,0,0.000062,1
2,3,4,3,0,0.000062,1
0,3,1,4,1,0.000060,1
5,4,5,3,0,0.000058,1
5,3,3,3,0,0.000057,0
5,2,4,3,1,0.000057,0
5,3,4,3,1,0.000057,0
4,3,2,3,0,0.000055,0
2,1,3,2,1,0.000055,0
0,2,1,3,0,0.000052,0
0,4,1,2,0,0.000051,0
4,0,5,1,0,0.000051,1
4,2,3,3,1,0.000051,0
0,3,0,4,1,0.000051,0
2,3,4,2,0,0.000050,0
1,3,3,2,0,0.000050,0
3,3,4,3,0,0.000047,1
0,1,1,2,0,0.000047,0
4,1,4,2,1,0.000047,0
4,2,6,3,1,0.000046,0
1,4,1,3,0,0.000046,0
3,2,2,3,1,0.000046,0
4,3,4,2,1,0.000046,0
4,0,5,0,0,0.000045,0
4,1,6,1,1,0.000045,0
4,3,6,3,1,0.000044,0
0,3,0,2,1,0.000044,0
3,3,1,3,0,0.000043,0
2,2,2,3,0,0.000043,0
4,2,3,2,1,0.000042,0
5,2,5,1,1,0.000041,0
4,4,6,3,0,0.000040,0
2,1,2,2,1,0.000040,0
1,1,0,0,1,0.000040,0
5,0,6,1,0,0.000040,1
3,1,4,2,1,0.000038,0
5,2,2,2,1,0.000038,0
3,3,2,3,0,0.000037,0
3,3,1,3,1,0.000037,0
1,1,1,2,1,0.000036,0
1,4,2,2,0,0.000036,0
0,3,2,3,0,0.000035,0
4,3,2,3,1,0.000035,0
5,3,1,2,1,0.000034,0
6,0,6,1,0,0.000034,0
1,3,4,2,0,0.000033,0
2,1,1,0,1,0.000033,0
5,4,0,2,1,0.000030,0
0,3,2,2,0,0.000027,0
5,3,3,3,1,0.000026,0
4,3,3,3,1,0.000026,0
2,1,4,1,1,0.000022,1
1,3,0,4,1,0.000022,0
1,1,1,2,0,0.000021,0
4,1,3,2,1,0.000021,0
4,3,3,2,1,0.000021,0
1,4,3,3,0,0.000020,0
3,2,2,3,0,0.000019,0
3,1,2,2,1,0.000019,0
5,1,4,1,1,0.000019,0
5,2,4,1,1,0.000019,0
3,3,2,2,1,0.000018,0
4,1,2,1,0,0.000018,0
2,4,3,4,0,0.000018,0
0,1,0,0,0,0.000018,0
2,3,1,4,1,0.000018,0
5,1,3,1,0,0.000018,0
3,1,1,1,0,0.000017,0
4,2,3,3,0,0.000017,0
2,1,1,2,1,0.000017,0
3,1,3,2,1,0.000017,0
4,2,3,1,1,0.000017,0
2,3,1,2,1,0.000017,0
4,3,3,3,0,0.000016,0
1,1,1,0,0,0.000016,0
3,1,1,1,1,0.000016,0
4,1,2,1,1,0.000016,0
5,2,4,3,0,0.000016,0
1,1,0,2,1,0.000015,0
3,2,2,1,1,0.000015,0
1,3,0,2,1,0.000015,0
2,1,1,0,0,0.000014,0
6,0,5,1,0,0.000014,0
6,2,5,3,0,0.000014,0
3,1,5,1,1,0.000014,1
2,2,4,2,1,0.000013,1
5,1,3,1,1,0.000013,0
2,2,4,3,0,0.000012,0
5,0,4,1,0,0.000012,0
3,3,2,3,1,0.000011,0
3,2,5,3,0,0.000011,0
1,2,3,3,0,0.000011,0
3,1,2,2,0,0.000010,0
1,0,0,0,1,0.000010,0
0,3,0,4,0,0.000010,0
2,1,1,1,0,0.000010,0
2,1,1,2,0,0.000010,0
4,1,3,2,0,0.000009,0
1,1,2,2,0,0.000009,0
1,3,1,4,0,0.000009,0
3,2,5,2,1,0.000009,1
4,1,3,1,1,0.000008,0
1,2,4,3,1,0.000008,0
2,3,1,4,0,0.000008,0
1,3,3,3,1,0.000007,1
6,0,6,1,1,0.000006,0
3,1,2,1,0,0.000006,0
5,0,5,1,1,0.000006,0
1,4,0,4,1,0.000006,0
1,2,3,2,1,0.000005,1
5,0,4,1,1,0.000005,0
4,4,5,3,0,0.000005,1
2,2,5,1,1,0.000005,0
4,4,5,4,0,0.000004,0
2,3,3,2,1,0.000004,0
2,1,2,2,0,0.000004,0
5,4,6,3,0,0.000004,1
3,1,2,1,1,0.000004,0
6,0,5,0,0,0.000004,0
6,4,6,3,0,0.000003,0
0,2,3,1,1,0.000003,0
1,3,2,2,0,0.000003,0
2,3,2,2,1,0.000003,0
0,1,2,1,1,0.000003,1
4,1,3,1,0,0.000003,0
1,3,1,2,1,0.000003,0
3,3,4,2,1,0.000003,0
2,3,4,3,1,0.000002,1
2,2,3,1,1,0.000002,0
0,2,2,2,1,0.000002,1
2,2,5,3,1,0.000002,0
2,3,2,2,0,0.000001,0
6,4,5,3,0,0.000001,0
1,2,4,1,1,0.000001,0
5,4,4,3,0,0.000001,0
3,3,3,2,1,0.000001,0
1,1,3,1,1,0.000001,1
3,2,4,3,1,0.000001,0
3,2,4,1,1,0.000001,0
1,2,2,3,1,0.000001,0
3,3,5,3,1,0.000001,1
1,1,2,2,1,0.000001,0
6,4,6,3,1,0.000001,0
5,4,5,3,1,0.000001,0
5,4,4,3,1,0.000001,0
4,2,5,1,1,0.000000,0
1,2,2,1,1,0.000000,0
6,4,5,4,0,0.000000,0
0,2,3,3,1,0.000000,0
0,3,2,3,1,0.000000,1
2,2,3,3,1,0.000000,0
4,2,4,1,1,0.000000,0
4,2,5,3,1,0.000000,0
4,2,4,3,1,0.000000,0
1,3,2,2,1,0.000000,0
