algo,seed,train_s,row_action_agreement,col_action_agreement,mean_equilibrium_regret,max_equilibrium_regret,duality_gap,row_vs_random,row_vs_best_response,col_vs_random,col_vs_best_response
reinforce,0,40.1,0.2937,0.5815,0.1157,1.3293,0.8835,0.1531,-0.4423,0.2297,-0.4412
reinforce,1,46.6,0.2773,0.5739,0.1157,1.211,0.7884,0.1423,-0.3385,0.2241,-0.4498
reinforce,2,42.9,0.2706,0.5324,0.1406,1.4004,0.8299,0.1882,-0.3991,0.1488,-0.4308
a2c,0,53.4,0.2975,0.5773,0.125,1.2774,0.7974,0.0752,-0.3513,0.25,-0.4461
a2c,1,55.3,0.329,0.5315,0.1325,1.2937,0.8609,0.0941,-0.4293,0.1851,-0.4316
a2c,2,58.2,0.2504,0.6109,0.1098,1.2964,0.833,0.2122,-0.4293,0.1459,-0.4037
ppo,0,70.3,0.2983,0.5647,0.1437,1.3911,0.8587,0.0181,-0.3857,0.2558,-0.473
ppo,1,61.4,0.242,0.1395,0.1934,1.4314,0.9619,0.49,-0.4304,-0.0101,-0.5314
ppo,2,62.2,0.2189,0.2244,0.163,1.4314,0.8024,0.0009,-0.2967,-0.0096,-0.5057
