algo,seed,train_s,row_action_agreement,col_action_agreement,mean_equilibrium_regret,max_equilibrium_regret,duality_gap,row_vs_random,row_vs_best_response,col_vs_random,col_vs_best_response,row_win_vs_random,row_tie_vs_random,row_loss_vs_random,row_win_vs_nash,row_tie_vs_nash,row_loss_vs_nash,row_win_vs_br,row_tie_vs_br,row_loss_vs_br,mirror_gap_mean,mirror_gap_max
reinforce,0,48.5,0.4252,0.6256,0.0512,0.6633,0.7963,0.3614,-0.3302,0.1203,-0.4661,0.894,0.057,0.049,0.223,0.0,0.777,0.059,0.0,0.941,0.3533,0.9567
reinforce,1,40.0,0.4492,0.4971,0.0584,0.6408,0.7258,0.2757,-0.2475,0.1169,-0.4783,0.915,0.055,0.03,0.248,0.0,0.752,0.076,0.0,0.924,0.4475,0.9651
reinforce,2,41.0,0.4542,0.6643,0.0595,0.9551,0.6781,0.3091,-0.2679,0.0587,-0.4102,0.948,0.011,0.041,0.281,0.0,0.719,0.078,0.0,0.922,0.4541,0.977
a2c,0,52.5,0.3697,0.6366,0.0606,0.6884,0.8399,0.4375,-0.4084,0.0368,-0.4315,0.947,0.015,0.038,0.02,0.0,0.98,0.005,0.0,0.995,0.413,0.9708
a2c,1,56.1,0.55,0.5294,0.0611,0.8635,0.6937,0.231,-0.2778,0.0129,-0.4159,0.847,0.101,0.052,0.223,0.0,0.777,0.072,0.0,0.928,0.4251,0.9374
a2c,2,52.4,0.4218,0.6008,0.0531,0.6906,0.8095,0.3913,-0.3588,0.0157,-0.4507,0.848,0.094,0.058,0.121,0.0,0.879,0.044,0.0,0.956,0.4828,0.961
ppo,0,66.3,0.2244,0.5492,0.1047,1.4779,0.7993,0.0065,-0.3335,0.1589,-0.4658,0.444,0.496,0.06,0.121,0.0,0.879,0.002,0.0,0.998,0.7671,1.0
ppo,1,63.8,0.2542,0.3609,0.1515,1.4769,0.8991,-0.0018,-0.4219,-0.0061,-0.4772,0.022,0.876,0.102,0.0,0.163,0.837,0.0,0.0,1.0,0.8673,1.0
ppo,2,66.5,0.4958,0.3924,0.0677,1.4729,0.8562,0.2005,-0.354,-0.0033,-0.5022,0.85,0.107,0.043,0.34,0.108,0.552,0.007,0.003,0.99,0.7005,1.0
