algo,mode,seed,train_s,exploitability,row_win_vs_random,row_tie_vs_random,row_loss_vs_random,row_win_vs_nash,row_tie_vs_nash,row_loss_vs_nash,row_win_vs_br,row_tie_vs_br,row_loss_vs_br,col_win_vs_random,col_tie_vs_random,col_loss_vs_random,col_win_vs_nash,col_tie_vs_nash,col_loss_vs_nash,col_win_vs_br,col_tie_vs_br,col_loss_vs_br
exact,-,0,0.0,0.0,0.917,0.083,0.0,0.0,1.0,0.0,0.0,1.0,0.0,0.659,0.341,0.0,0.0,1.0,0.0,0.0,1.0,0.0
reinforce,selfplay,0,64.5,0.752,0.634,0.335,0.031,0.0,1.0,0.0,0.0,0.0,1.0,0.863,0.052,0.085,0.0,0.849,0.151,0.007,0.0,0.993
reinforce,selfplay,1,38.3,0.908,0.968,0.011,0.021,0.0,0.139,0.861,0.0,0.0,1.0,0.886,0.015,0.099,0.0,0.006,0.994,0.0,0.0,1.0
reinforce,selfplay,2,53.9,0.705,0.434,0.526,0.04,0.0,1.0,0.0,0.013,0.0,0.987,0.984,0.0,0.016,0.0,0.007,0.993,0.01,0.0,0.99
reinforce,fictitious,0,260.8,0.854,0.916,0.009,0.075,0.0,0.0,1.0,0.025,0.0,0.975,0.917,0.011,0.072,0.0,0.0,1.0,0.0,0.0,1.0
reinforce,fictitious,1,294.8,0.873,0.931,0.018,0.051,0.0,0.0,1.0,0.015,0.0,0.985,0.926,0.008,0.066,0.0,0.0,1.0,0.033,0.0,0.967
reinforce,fictitious,2,198.9,0.857,0.907,0.022,0.071,0.0,0.0,1.0,0.021,0.0,0.979,0.908,0.01,0.082,0.0,0.0,1.0,0.0,0.0,1.0
a2c,selfplay,0,124.4,0.579,0.644,0.336,0.02,0.0,0.807,0.193,0.035,0.0,0.965,0.926,0.039,0.035,0.0,0.042,0.958,0.001,0.0,0.999
a2c,selfplay,1,92.9,0.863,0.969,0.007,0.024,0.0,0.757,0.243,0.005,0.0,0.995,0.864,0.04,0.096,0.0,0.919,0.081,0.006,0.0,0.994
a2c,selfplay,2,141.1,0.848,0.587,0.374,0.039,0.0,1.0,0.0,0.029,0.0,0.971,0.457,0.375,0.168,0.0,0.852,0.148,0.019,0.0,0.981
a2c,fictitious,0,199.7,0.884,0.96,0.003,0.037,0.0,0.0,1.0,0.011,0.0,0.989,0.93,0.01,0.06,0.0,0.0,1.0,0.019,0.0,0.981
a2c,fictitious,1,193.2,0.897,0.964,0.004,0.032,0.0,0.0,1.0,0.002,0.0,0.998,0.936,0.008,0.056,0.0,0.0,1.0,0.015,0.0,0.985
a2c,fictitious,2,183.8,0.884,0.966,0.003,0.031,0.0,0.0,1.0,0.006,0.0,0.994,0.976,0.0,0.024,0.0,0.0,1.0,0.028,0.0,0.972
ppo,selfplay,0,131.2,0.986,0.821,0.127,0.052,0.0,1.0,0.0,0.0,0.0,1.0,0.784,0.133,0.083,0.0,0.997,0.003,0.0,0.0,1.0
ppo,selfplay,1,212.3,0.953,0.052,0.748,0.2,0.0,1.0,0.0,0.0,0.0,1.0,0.922,0.008,0.07,0.0,0.067,0.933,0.0,0.0,1.0
ppo,selfplay,2,103.0,0.909,0.954,0.02,0.026,0.0,0.0,1.0,0.0,0.0,1.0,0.001,0.657,0.342,0.0,1.0,0.0,0.0,0.0,1.0
ppo,fictitious,0,250.1,0.869,0.9,0.027,0.073,0.0,0.027,0.973,0.0,0.0,1.0,0.925,0.014,0.061,0.0,0.0,1.0,0.0,0.0,1.0
ppo,fictitious,1,144.7,0.866,0.924,0.027,0.049,0.0,0.542,0.458,0.009,0.0,0.991,0.949,0.008,0.043,0.0,0.0,1.0,0.01,0.0,0.99
ppo,fictitious,2,165.7,0.858,0.819,0.084,0.097,0.0,0.0,1.0,0.0,0.0,1.0,0.934,0.003,0.063,0.0,0.0,1.0,0.001,0.0,0.999
