algo,mode,seed,train_s,exploitability,row_win_vs_random,row_tie_vs_random,row_loss_vs_random,row_win_vs_nash,row_tie_vs_nash,row_loss_vs_nash,row_win_vs_br,row_tie_vs_br,row_loss_vs_br,col_win_vs_random,col_tie_vs_random,col_loss_vs_random,col_win_vs_nash,col_tie_vs_nash,col_loss_vs_nash,col_win_vs_br,col_tie_vs_br,col_loss_vs_br,mirror_gap_mean,mirror_gap_max
exact,-,0,0.0,-0.0,0.999,0.0,0.001,0.671,0.003,0.326,0.672,0.0,0.328,0.989,0.002,0.009,0.326,0.003,0.671,0.393,0.0,0.607,0.0,0.0
a2c,selfplay,0,175.8,0.544,0.946,0.023,0.031,0.285,0.0,0.715,0.157,0.0,0.843,0.78,0.189,0.031,0.092,0.042,0.866,0.007,0.0,0.993,0.657,1.0
a2c,selfplay,1,105.7,0.558,0.96,0.027,0.013,0.361,0.0,0.639,0.249,0.0,0.751,0.686,0.255,0.059,0.036,0.0,0.964,0.007,0.0,0.993,0.492,1.0
a2c,selfplay,2,106.2,0.678,0.934,0.035,0.031,0.386,0.0,0.614,0.142,0.0,0.858,0.563,0.366,0.071,0.02,0.289,0.691,0.007,0.0,0.993,0.506,1.0
a2c,fictitious,0,299.5,0.641,0.944,0.02,0.036,0.288,0.0,0.712,0.141,0.0,0.859,0.936,0.008,0.056,0.138,0.0,0.862,0.004,0.0,0.996,0.336,0.855
a2c,fictitious,1,391.9,0.649,0.89,0.079,0.031,0.372,0.0,0.628,0.122,0.0,0.878,0.96,0.007,0.033,0.12,0.0,0.88,0.002,0.0,0.998,0.316,0.842
a2c,fictitious,2,313.7,0.657,0.919,0.042,0.039,0.341,0.0,0.659,0.132,0.0,0.868,0.954,0.003,0.043,0.121,0.0,0.879,0.002,0.0,0.998,0.321,0.842
ppo,selfplay,0,259.8,0.466,0.001,0.999,0.0,0.0,0.999,0.001,0.0,0.943,0.057,0.979,0.008,0.013,0.009,0.0,0.991,0.0,0.0,1.0,0.671,1.0
ppo,selfplay,1,323.7,0.754,0.347,0.588,0.065,0.002,0.689,0.309,0.018,0.007,0.975,0.006,0.776,0.218,0.0,0.0,1.0,0.0,0.0,1.0,0.968,1.0
ppo,selfplay,2,312.0,0.73,0.23,0.765,0.005,0.005,0.947,0.048,0.007,0.002,0.991,0.827,0.029,0.144,0.012,0.0,0.988,0.0,0.0,1.0,0.671,1.0
ppo,fictitious,0,661.5,0.756,0.95,0.026,0.024,0.28,0.0,0.72,0.019,0.0,0.981,0.863,0.018,0.119,0.016,0.0,0.984,0.002,0.0,0.998,0.358,0.945
ppo,fictitious,1,643.0,0.656,0.94,0.024,0.036,0.11,0.0,0.89,0.021,0.0,0.979,0.854,0.023,0.123,0.032,0.0,0.968,0.0,0.0,1.0,0.453,0.948
ppo,fictitious,2,787.5,0.671,0.941,0.026,0.033,0.122,0.0,0.878,0.036,0.0,0.964,0.883,0.017,0.1,0.017,0.0,0.983,0.0,0.0,1.0,0.456,0.957
